OD Key,OBCS Key,OD dans Supabase
OD-3018,OBCS-11889,NON
OD-3017,OBCS-11888,NON
OD-3016,OBCS-11887,NON
OD-3015,OBCS-11886,NON
OD-3014,OBCS-11885,NON
OD-3013,OBCS-11884,NON
OD-3012,OBCS-11883,NON
OD-3011,OBCS-11882,NON
OD-2998,OBCS-11818,NON
OD-2997,OBCS-11817,NON
OD-2996,OBCS-11816,NON
OD-2995,OBCS-11815,NON
OD-2994,OBCS-11814,NON
OD-2987,OBCS-11812,NON
OD-2986,OBCS-11811,NON
OD-2985,OBCS-11810,NON
OD-2974,OBCS-11729,NON
OD-2973,OBCS-11728,NON
OD-2972,OBCS-11727,NON
OD-2971,OBCS-11722,NON
OD-2970,OBCS-11719,NON
OD-2969,OBCS-11718,NON
OD-2964,OBCS-11711,NON
OD-2963,OBCS-11623,NON
OD-2962,OBCS-11621,NON
OD-2961,OBCS-11619,NON
OD-2960,OBCS-11613,NON
OD-2959,OBCS-11611,NON
OD-2958,OBCS-11609,NON
OD-2957,OBCS-11605,NON
OD-2956,OBCS-11602,NON
OD-2955,OBCS-11562,NON
OD-2954,OBCS-11498,NON
OD-2953,OBCS-11496,NON
OD-2952,OBCS-11494,NON
OD-2951,OBCS-11493,NON
OD-2950,OBCS-11492,NON
OD-2949,OBCS-11491,NON
OD-2948,OBCS-11488,NON
OD-2947,OBCS-11487,NON
OD-2946,OBCS-11483,NON
OD-2945,OBCS-11481,NON
OD-2944,OBCS-11480,NON
OD-2943,OBCS-11478,NON
OD-2942,OBCS-11476,NON
OD-2941,OBCS-11473,NON
OD-2940,OBCS-11472,NON
OD-2939,OBCS-11471,NON
OD-2938,OBCS-11458,NON
OD-2937,OBCS-11383,NON
OD-2936,OBCS-11382,NON
OD-2935,OBCS-11381,NON
OD-2934,OBCS-11380,NON
OD-2933,OBCS-11356,NON
OD-2932,OBCS-11346,NON
OD-2931,OBCS-11345,NON
OD-2930,OBCS-11344,NON
OD-2929,OBCS-11343,NON
OD-2928,OBCS-11342,NON
OD-2927,OBCS-11341,NON
OD-2926,OBCS-11340,NON
OD-2925,OBCS-11339,NON
OD-2924,OBCS-11338,NON
OD-2923,OBCS-11337,NON
OD-2922,OBCS-11336,NON
OD-2921,OBCS-11335,NON
OD-2920,OBCS-11334,NON
OD-2919,OBCS-11333,NON
OD-2918,OBCS-11332,NON
OD-2917,OBCS-11331,NON
OD-2910,OBCS-11330,NON
OD-2909,OBCS-11328,NON
OD-2908,OBCS-11327,NON
OD-2907,OBCS-11326,NON
OD-2906,OBCS-11325,NON
OD-2905,OBCS-11324,NON
OD-2904,OBCS-11323,NON
OD-2903,OBCS-11322,NON
OD-2902,OBCS-11321,NON
OD-2901,OBCS-11320,NON
OD-2900,OBCS-11319,NON
OD-2899,OBCS-11318,NON
OD-2898,OBCS-11317,NON
OD-2897,OBCS-11264,NON
OD-2896,OBCS-11246,NON
OD-2895,OBCS-11245,NON
OD-2894,OBCS-11244,NON
OD-2893,OBCS-11243,NON
OD-2892,OBCS-11242,NON
OD-2891,OBCS-11241,NON
OD-2890,OBCS-11240,NON
OD-2889,OBCS-11239,NON
OD-2888,OBCS-11237,NON
OD-2880,OBCS-11225,NON
OD-2878,OBCS-11223,NON
OD-2877,OBCS-11222,NON
OD-2876,OBCS-11149,NON
OD-2875,OBCS-11148,NON
OD-2874,OBCS-11147,NON
OD-2873,OBCS-11139,NON
OD-2872,OBCS-11090,NON
OD-2871,OBCS-11089,NON
OD-2870,OBCS-11088,NON
OD-2868,OBCS-10967,NON
OD-2867,OBCS-10966,NON
OD-2866,OBCS-10965,NON
OD-2865,OBCS-10961,NON
OD-2864,OBCS-10960,NON
OD-2863,OBCS-10958,NON
OD-2862,OBCS-10957,NON
OD-2861,OBCS-10956,NON
OD-2859,OBCS-10954,NON
OD-2856,OBCS-10952,NON
OD-2855,OBCS-10951,NON
OD-2854,OBCS-10950,NON
OD-2850,OBCS-10879,NON
OD-2849,OBCS-10878,NON
OD-2848,OBCS-10877,NON
OD-2847,OBCS-10876,NON
OD-2846,OBCS-10875,NON
OD-2845,OBCS-10872,NON
OD-2844,OBCS-10870,NON
OD-2843,OBCS-10868,NON
OD-2842,OBCS-10867,NON
OD-2841,OBCS-10866,NON
OD-2840,OBCS-10825,NON
OD-2839,OBCS-10824,NON
OD-2838,OBCS-10823,NON
OD-2837,OBCS-10822,NON
OD-2836,OBCS-10820,NON
OD-2835,OBCS-10819,NON
OD-2834,OBCS-10818,NON
OD-2833,OBCS-10817,NON
OD-2832,OBCS-10816,NON
OD-2831,OBCS-10815,NON
OD-2830,OBCS-10814,NON
OD-2829,OBCS-10812,NON
OD-2828,OBCS-10811,NON
OD-2827,OBCS-10810,NON
OD-2826,OBCS-10808,NON
OD-2825,OBCS-10804,NON
OD-2824,OBCS-10803,NON
OD-2823,OBCS-10802,NON
OD-2821,OBCS-10759,NON
OD-2820,OBCS-10758,NON
OD-2819,OBCS-10757,NON
OD-2818,OBCS-10749,NON
OD-2817,OBCS-10747,NON
OD-2816,OBCS-10696,NON
OD-2815,OBCS-10695,NON
OD-2814,OBCS-10694,NON
OD-2813,OBCS-10693,NON
OD-2812,OBCS-10692,NON
OD-2811,OBCS-10691,NON
OD-2810,OBCS-10689,NON
OD-2809,OBCS-10687,NON
OD-2808,OBCS-10686,NON
OD-2807,OBCS-10685,NON
OD-2806,OBCS-10684,NON
OD-2805,OBCS-10683,NON
OD-2804,OBCS-10682,NON
OD-2803,OBCS-10681,NON
OD-2802,OBCS-10680,NON
OD-2801,OBCS-10679,NON
OD-2800,OBCS-10678,NON
OD-2799,OBCS-10676,NON
OD-2798,OBCS-10637,NON
OD-2796,OBCS-10635,NON
OD-2794,OBCS-10634,NON
OD-2793,OBCS-10633,NON
OD-2792,OBCS-10632,NON
OD-2791,OBCS-10631,NON
OD-2790,OBCS-10630,NON
OD-2789,OBCS-10629,NON
OD-2788,OBCS-10628,NON
OD-2787,OBCS-10626,NON
OD-2786,OBCS-10625,NON
OD-2784,OBCS-10623,NON
OD-2783,OBCS-10622,NON
OD-2782,OBCS-10617,NON
OD-2781,OBCS-10558,NON
OD-2780,OBCS-10556,NON
OD-2777,OBCS-10553,NON
OD-2776,OBCS-10552,NON
OD-2773,OBCS-10550,NON
OD-2771,OBCS-10537,NON
OD-2770,OBCS-10523,NON
OD-2769,OBCS-10522,NON
OD-2768,OBCS-10521,NON
OD-2767,OBCS-10520,NON
OD-2766,OBCS-10517,NON
OD-2765,OBCS-10515,NON
OD-2764,OBCS-10514,NON
OD-2762,OBCS-10512,NON
OD-2761,OBCS-10511,NON
OD-2748,OBCS-10498,NON
OD-2745,OBCS-10495,NON
OD-2737,OBCS-10488,NON
OD-2733,OBCS-10484,NON
OD-2732,OBCS-10483,NON
OD-2728,OBCS-10479,NON
OD-2725,OBCS-10476,NON
OD-2724,OBCS-10475,NON
OD-2723,OBCS-10474,NON
OD-2722,OBCS-10473,NON
OD-2721,OBCS-10441,NON
OD-2716,OBCS-10423,NON
OD-2715,OBCS-10422,NON
OD-2714,OBCS-10421,NON
OD-2712,OBCS-10419,NON
OD-2711,OBCS-10372,NON
OD-2710,OBCS-10371,NON
OD-2709,OBCS-10365,NON
OD-2708,OBCS-10360,NON
OD-2707,OBCS-10359,NON
OD-2706,OBCS-10356,NON
OD-2705,OBCS-10355,NON
OD-2704,OBCS-10354,NON
OD-2703,OBCS-10353,NON
OD-2702,OBCS-10351,NON
OD-2701,OBCS-10350,NON
OD-2700,OBCS-10349,NON
OD-2699,OBCS-10348,NON
OD-2698,OBCS-10347,NON
OD-2697,OBCS-10346,NON
OD-2696,OBCS-10345,NON
OD-2695,OBCS-10344,NON
OD-2693,OBCS-10329,NON
OD-2692,OBCS-10317,NON
OD-2691,OBCS-10316,NON
OD-2690,OBCS-10275,NON
OD-2689,OBCS-10274,NON
OD-2688,OBCS-10273,NON
OD-2687,OBCS-10267,NON
OD-2686,OBCS-10266,NON
OD-2685,OBCS-10265,NON
OD-2683,OBCS-10263,NON
OD-2682,OBCS-10248,NON
OD-2681,OBCS-10202,NON
OD-2680,OBCS-10201,NON
OD-2679,OBCS-10200,NON
OD-2678,OBCS-10180,NON
OD-2677,OBCS-10179,NON
OD-2676,OBCS-10178,NON
OD-2675,OBCS-10124,NON
OD-2673,OBCS-10090,NON
OD-2672,OBCS-10010,NON
OD-2671,OBCS-10009,NON
OD-2670,OBCS-10008,NON
OD-2669,OBCS-10004,NON
OD-2668,OBCS-9999,NON
OD-2666,OBCS-9996,NON
OD-2665,OBCS-9994,NON
OD-2664,OBCS-9992,NON
OD-2663,OBCS-9991,NON
OD-2661,OBCS-9989,NON
OD-2660,OBCS-9988,NON
OD-2659,OBCS-9987,NON
OD-2658,OBCS-9986,NON
OD-2657,OBCS-9985,NON
OD-2656,OBCS-9977,NON
OD-2655,OBCS-9976,NON
OD-2654,OBCS-9974,NON
OD-2653,OBCS-9925,NON
OD-2652,OBCS-9924,NON
OD-2650,OBCS-9889,NON
OD-2649,OBCS-9888,NON
OD-2648,OBCS-9887,NON
OD-2647,OBCS-9885,NON
OD-2646,OBCS-9884,NON
OD-2645,OBCS-9883,NON
OD-2644,OBCS-9882,NON
OD-2643,OBCS-9881,NON
OD-2642,OBCS-9880,NON
OD-2641,OBCS-9879,NON
OD-2640,OBCS-9878,NON
OD-2639,OBCS-9877,NON
OD-2637,OBCS-9868,NON
OD-2636,OBCS-9844,NON
OD-2635,OBCS-9785,NON
OD-2634,OBCS-9784,NON
OD-2633,OBCS-9780,NON
OD-2632,OBCS-9779,NON
OD-2631,OBCS-9777,NON
OD-2630,OBCS-9776,NON
OD-2629,OBCS-9775,NON
OD-2627,OBCS-9772,NON
OD-2626,OBCS-9771,NON
OD-2625,OBCS-9765,NON
OD-2624,OBCS-9764,NON
OD-2623,OBCS-9763,NON
OD-2622,OBCS-9762,NON
OD-2621,OBCS-9761,NON
OD-2620,OBCS-9760,NON
OD-2619,OBCS-9759,NON
OD-2618,OBCS-9757,NON
OD-2617,OBCS-9756,NON
OD-2616,OBCS-9737,NON
OD-2615,OBCS-9736,NON
OD-2614,OBCS-9720,NON
OD-2613,OBCS-9719,NON
OD-2612,OBCS-9718,NON
OD-2611,OBCS-9717,NON
OD-2608,OBCS-9714,NON
OD-2607,OBCS-9713,NON
OD-2606,OBCS-9712,NON
OD-2605,OBCS-9710,NON
OD-2604,OBCS-9670,NON
OD-2603,OBCS-9666,NON
OD-2602,OBCS-9665,NON
OD-2601,OBCS-9664,NON
OD-2600,OBCS-9663,NON
OD-2599,OBCS-9662,NON
OD-2598,OBCS-9661,NON
OD-2597,OBCS-9660,NON
OD-2596,OBCS-9659,NON
OD-2595,OBCS-9658,NON
OD-2593,OBCS-9654,NON
OD-2592,OBCS-9653,NON
OD-2591,OBCS-9652,NON
OD-2590,OBCS-9651,NON
OD-2589,OBCS-9650,NON
OD-2588,OBCS-9649,NON
OD-2587,OBCS-9613,NON
OD-2585,OBCS-9609,NON
OD-2584,OBCS-9608,NON
OD-2583,OBCS-9607,NON
OD-2582,OBCS-9606,NON
OD-2581,OBCS-9605,NON
OD-2580,OBCS-9604,NON
OD-2578,OBCS-9599,NON
OD-2577,OBCS-9597,NON
OD-2576,OBCS-9596,NON
OD-2575,OBCS-9581,NON
OD-2574,OBCS-9580,NON
OD-2573,OBCS-9541,NON
OD-2572,OBCS-9540,NON
OD-2571,OBCS-9539,NON
OD-2570,OBCS-9537,NON
OD-2569,OBCS-9536,NON
OD-2568,OBCS-9534,NON
OD-2567,OBCS-9533,NON
OD-2566,OBCS-9532,NON
OD-2565,OBCS-9531,NON
OD-2564,OBCS-9530,NON
OD-2563,OBCS-9529,NON
OD-2562,OBCS-9528,NON
OD-2561,OBCS-9527,NON
OD-2559,OBCS-9525,NON
OD-2558,OBCS-9524,NON
OD-2557,OBCS-9523,NON
OD-2556,OBCS-9522,NON
OD-2555,OBCS-9521,NON
OD-2554,OBCS-9519,NON
OD-2553,OBCS-9518,NON
OD-2552,OBCS-9517,NON
OD-2551,OBCS-9516,NON
OD-2550,OBCS-9515,NON
OD-2549,OBCS-9514,NON
OD-2548,OBCS-9513,NON
OD-2547,OBCS-9512,NON
OD-2546,OBCS-9510,NON
OD-2545,OBCS-9509,NON
OD-2544,OBCS-9508,NON
OD-2543,OBCS-9507,NON
OD-2542,OBCS-9506,NON
OD-2541,OBCS-9505,NON
OD-2540,OBCS-9503,NON
OD-2539,OBCS-9472,NON
OD-2538,OBCS-9471,NON
OD-2537,OBCS-9470,NON
OD-2536,OBCS-9467,NON
OD-2535,OBCS-9465,NON
OD-2533,OBCS-9462,NON
OD-2532,OBCS-9461,NON
OD-2531,OBCS-9459,NON
OD-2530,OBCS-9458,NON
OD-2529,OBCS-9457,NON
OD-2528,OBCS-9449,NON
OD-2527,OBCS-9415,NON
OD-2526,OBCS-9414,NON
OD-2525,OBCS-9413,NON
OD-2524,OBCS-9412,NON
OD-2523,OBCS-9411,NON
OD-2522,OBCS-9410,NON
OD-2521,OBCS-9409,NON
OD-2520,OBCS-9408,NON
OD-2519,OBCS-9407,NON
OD-2518,OBCS-9391,NON
OD-2517,OBCS-9390,NON
OD-2516,OBCS-9389,NON
OD-2515,OBCS-9381,NON
OD-2514,OBCS-9377,NON
OD-2513,OBCS-9376,NON
OD-2512,OBCS-9375,NON
OD-2511,OBCS-9374,NON
OD-2510,OBCS-9373,NON
OD-2509,OBCS-9372,NON
OD-2508,OBCS-9371,NON
OD-2507,OBCS-9370,NON
OD-2506,OBCS-9369,NON
OD-2505,OBCS-9368,NON
OD-2504,OBCS-9367,NON
OD-2503,OBCS-9366,NON
OD-2502,OBCS-9365,NON
OD-2500,OBCS-9317,NON
OD-2499,OBCS-9316,NON
OD-2498,OBCS-9315,NON
OD-2497,OBCS-9314,NON
OD-2496,OBCS-9313,NON
OD-2495,OBCS-9312,NON
OD-2494,OBCS-9311,NON
OD-2493,OBCS-9310,NON
OD-2492,OBCS-9309,NON
OD-2491,OBCS-9308,NON
OD-2490,OBCS-9307,NON
OD-2489,OBCS-9306,NON
OD-2488,OBCS-9305,NON
OD-2487,OBCS-9304,NON
OD-2486,OBCS-9303,NON
OD-2485,OBCS-9217,NON
OD-2484,OBCS-9216,NON
OD-2483,OBCS-9210,NON
OD-2482,OBCS-9208,NON
OD-2481,OBCS-9207,NON
OD-2480,OBCS-9206,NON
OD-2479,OBCS-9205,NON
OD-2478,OBCS-9204,NON
OD-2477,OBCS-9203,NON
OD-2476,OBCS-9202,NON
OD-2472,OBCS-9198,NON
OD-2471,OBCS-9197,NON
OD-2470,OBCS-9196,NON
OD-2469,OBCS-9195,NON
OD-2468,OBCS-9194,NON
OD-2467,OBCS-9193,NON
OD-2466,OBCS-9192,NON
OD-2465,OBCS-9191,NON
OD-2464,OBCS-9190,NON
OD-2463,OBCS-9189,NON
OD-2462,OBCS-9188,NON
OD-2461,OBCS-9187,NON
OD-2460,OBCS-9186,NON
OD-2459,OBCS-9185,NON
OD-2458,OBCS-9184,NON
OD-2457,OBCS-9183,NON
OD-2456,OBCS-9182,NON
OD-2455,OBCS-9181,NON
OD-2454,OBCS-9180,NON
OD-2453,OBCS-9179,NON
OD-2452,OBCS-9178,NON
OD-2451,OBCS-9177,NON
OD-2450,OBCS-9176,NON
OD-2449,OBCS-9175,NON
OD-2448,OBCS-9174,NON
OD-2447,OBCS-9173,NON
OD-2445,OBCS-9171,NON
OD-2444,OBCS-9170,NON
OD-2443,OBCS-9169,NON
OD-2442,OBCS-9168,NON
OD-2441,OBCS-9167,NON
OD-2440,OBCS-9166,NON
OD-2439,OBCS-9165,NON
OD-2438,OBCS-9164,NON
OD-2437,OBCS-9163,NON
OD-2436,OBCS-9162,NON
OD-2435,OBCS-9161,NON
OD-2434,OBCS-9160,NON
OD-2433,OBCS-9159,NON
OD-2432,OBCS-9158,NON
OD-2431,OBCS-9157,NON
OD-2430,OBCS-9156,NON
OD-2429,OBCS-9155,NON
OD-2428,OBCS-9154,NON
OD-2427,OBCS-9086,NON
OD-2426,OBCS-9065,NON
OD-2425,OBCS-8984,NON
OD-2424,OBCS-8976,NON
OD-2423,OBCS-8975,NON
OD-2422,OBCS-8906,NON
OD-2421,OBCS-8904,NON
OD-2420,OBCS-8903,NON
OD-2419,OBCS-8902,NON
OD-2418,OBCS-8901,NON
OD-2416,OBCS-8899,NON
OD-2414,OBCS-8887,NON
OD-2412,OBCS-8885,NON
OD-2411,OBCS-8884,NON
OD-2410,OBCS-8883,NON
OD-2409,OBCS-8850,NON
OD-2408,OBCS-8836,NON
OD-2407,OBCS-8819,NON
OD-2406,OBCS-8775,NON
OD-2405,OBCS-8774,NON
OD-2403,OBCS-8772,NON
OD-2402,OBCS-8771,NON
OD-2401,OBCS-8770,NON
OD-2400,OBCS-8769,NON
OD-2399,OBCS-8768,NON
OD-2398,OBCS-8767,NON
OD-2397,OBCS-8766,NON
OD-2396,OBCS-8759,NON
OD-2394,OBCS-8757,NON
OD-2393,OBCS-8754,NON
OD-2392,OBCS-8753,NON
OD-2391,OBCS-8749,NON
OD-2390,OBCS-8743,NON
OD-2389,OBCS-8742,NON
OD-2388,OBCS-8741,NON
OD-2387,OBCS-8740,NON
OD-2386,OBCS-8664,NON
OD-2385,OBCS-8661,NON
OD-2384,OBCS-8660,NON
OD-2383,OBCS-8659,NON
OD-2382,OBCS-8658,NON
OD-2381,OBCS-8657,NON
OD-2380,OBCS-8655,NON
OD-2379,OBCS-8654,NON
OD-2378,OBCS-8653,NON
OD-2376,OBCS-8651,NON
OD-2375,OBCS-8650,NON
OD-2374,OBCS-8649,NON
OD-2373,OBCS-8648,NON
OD-2372,OBCS-8647,NON
OD-2371,OBCS-8646,NON
OD-2370,OBCS-8645,NON
OD-2369,OBCS-8644,NON
OD-2367,OBCS-8642,NON
OD-2366,OBCS-8641,NON
OD-2365,OBCS-8640,NON
OD-2364,OBCS-8639,NON
OD-2363,OBCS-8637,NON
OD-2362,OBCS-8539,NON
OD-2361,OBCS-8535,NON
OD-2360,OBCS-8534,NON
OD-2359,OBCS-8533,NON
OD-2358,OBCS-8532,NON
OD-2357,OBCS-8531,NON
OD-2356,OBCS-8530,NON
OD-2355,OBCS-8529,NON
OD-2354,OBCS-8460,NON
OD-2352,OBCS-8443,NON
OD-2351,OBCS-8442,NON
OD-2350,OBCS-8441,NON
OD-2349,OBCS-8440,NON
OD-2348,OBCS-8439,NON
OD-2347,OBCS-8438,NON
OD-2346,OBCS-8429,NON
OD-2345,OBCS-8428,NON
OD-2344,OBCS-8427,NON
OD-2342,OBCS-8424,NON
OD-2341,OBCS-8423,NON
OD-2340,OBCS-8422,NON
OD-2339,OBCS-8421,NON
OD-2338,OBCS-8420,NON
OD-2337,OBCS-8419,NON
OD-2336,OBCS-8417,NON
OD-2335,OBCS-8416,NON
OD-2334,OBCS-8415,NON
OD-2333,OBCS-8414,NON
OD-2332,OBCS-8413,NON
OD-2331,OBCS-8342,NON
OD-2330,OBCS-8341,NON
OD-2329,OBCS-8340,NON
OD-2328,OBCS-8339,NON
OD-2327,OBCS-8338,NON
OD-2326,OBCS-8337,NON
OD-2325,OBCS-8336,NON
OD-2324,OBCS-8335,NON
OD-2323,OBCS-8334,NON
OD-2322,OBCS-8333,NON
OD-2321,OBCS-8332,NON
OD-2319,OBCS-8330,NON
OD-2318,OBCS-8328,NON
OD-2317,OBCS-8327,NON
OD-2316,OBCS-8321,NON
OD-2315,OBCS-8319,NON
OD-2314,OBCS-8301,NON
OD-2313,OBCS-8275,NON
OD-2312,OBCS-8274,NON
OD-2311,OBCS-8270,NON
OD-2310,OBCS-8267,NON
OD-2309,OBCS-8266,NON
OD-2308,OBCS-8261,NON
OD-2307,OBCS-8228,NON
OD-2305,OBCS-8224,NON
OD-2304,OBCS-8223,NON
OD-2302,OBCS-8221,NON
OD-2301,OBCS-8176,NON
OD-2300,OBCS-8170,NON
OD-2299,OBCS-8162,NON
OD-2298,OBCS-8161,NON
OD-2297,OBCS-8160,NON
OD-2296,OBCS-8159,NON
OD-2295,OBCS-8158,NON
OD-2294,OBCS-8157,NON
OD-2293,OBCS-8156,NON
OD-2292,OBCS-8155,NON
OD-2291,OBCS-8154,NON
OD-2290,OBCS-8149,NON
OD-2289,OBCS-8147,NON
OD-2288,OBCS-8146,NON
OD-2287,OBCS-8145,NON
OD-2286,OBCS-8144,NON
OD-2285,OBCS-8143,NON
OD-2284,OBCS-8142,NON
OD-2283,OBCS-8107,NON
OD-2282,OBCS-8069,NON
OD-2280,OBCS-8061,NON
OD-2279,OBCS-8054,NON
OD-2277,OBCS-8048,NON
OD-2276,OBCS-8047,NON
OD-2275,OBCS-8046,NON
OD-2274,OBCS-8043,NON
OD-2273,OBCS-8042,NON
OD-2272,OBCS-8041,NON
OD-2271,OBCS-8040,NON
OD-2270,OBCS-8039,NON
OD-2268,OBCS-7970,NON
OD-2267,OBCS-7968,NON
OD-2266,OBCS-7964,NON
OD-2265,OBCS-7963,NON
OD-2264,OBCS-7962,NON
OD-2263,OBCS-7960,NON
OD-2262,OBCS-7959,NON
OD-2261,OBCS-7958,NON
OD-2259,OBCS-7956,NON
OD-2258,OBCS-7955,NON
OD-2257,OBCS-7954,NON
OD-2256,OBCS-7953,NON
OD-2255,OBCS-7952,NON
OD-2254,OBCS-7951,NON
OD-2253,OBCS-7950,NON
OD-2252,OBCS-7949,NON
OD-2251,OBCS-7901,NON
OD-2249,OBCS-7878,NON
OD-2248,OBCS-7877,NON
OD-2247,OBCS-7875,NON
OD-2246,OBCS-7874,NON
OD-2244,OBCS-7873,NON
OD-2243,OBCS-7872,NON
OD-2242,OBCS-7871,NON
OD-2241,OBCS-7870,NON
OD-2240,OBCS-7867,NON
OD-2239,OBCS-7866,NON
OD-2238,OBCS-7865,NON
OD-2237,OBCS-7864,NON
OD-2236,OBCS-7863,NON
OD-2235,OBCS-7862,NON
OD-2234,OBCS-7861,NON
OD-2233,OBCS-7860,NON
OD-2232,OBCS-7859,NON
OD-2230,OBCS-7857,NON
OD-2229,OBCS-7856,NON
OD-2228,OBCS-7855,NON
OD-2227,OBCS-7854,NON
OD-2225,OBCS-7762,NON
OD-2224,OBCS-7751,NON
OD-2223,OBCS-7750,NON
OD-2222,OBCS-7749,NON
OD-2221,OBCS-7748,NON
OD-2220,OBCS-7747,NON
OD-2219,OBCS-7746,NON
OD-2218,OBCS-7745,NON
OD-2217,OBCS-7744,NON
OD-2216,OBCS-7743,NON
OD-2215,OBCS-7742,NON
OD-2211,OBCS-7739,NON
OD-2209,OBCS-7737,NON
OD-2208,OBCS-7736,NON
OD-2207,OBCS-7735,NON
OD-2206,OBCS-7734,NON
OD-2205,OBCS-7733,NON
OD-2204,OBCS-7732,NON
OD-2203,OBCS-7731,NON
OD-2202,OBCS-7725,NON
OD-2201,OBCS-7724,NON
OD-2200,OBCS-7723,NON
OD-2199,OBCS-7722,NON
OD-2198,OBCS-7721,NON
OD-2197,OBCS-7720,NON
OD-2196,OBCS-7719,NON
OD-2195,OBCS-7718,NON
OD-2194,OBCS-7717,NON
OD-2193,OBCS-7699,NON
OD-2192,OBCS-7655,NON
OD-2191,OBCS-7654,NON
OD-2190,OBCS-7649,NON
OD-2189,OBCS-7648,NON
OD-2188,OBCS-7647,NON
OD-2187,OBCS-7646,NON
OD-2186,OBCS-7645,NON
OD-2185,OBCS-7644,NON
OD-2184,OBCS-7640,NON
OD-2183,OBCS-7639,NON
OD-2182,OBCS-7638,NON
OD-2181,OBCS-7636,NON
OD-2180,OBCS-7635,NON
OD-2179,OBCS-7601,NON
OD-2178,OBCS-7567,NON
OD-2177,OBCS-7538,NON
OD-2176,OBCS-7537,NON
OD-2175,OBCS-7536,NON
OD-2174,OBCS-7535,NON
OD-2173,OBCS-7534,NON
OD-2172,OBCS-7533,NON
OD-2171,OBCS-7532,NON
OD-2170,OBCS-7531,NON
OD-2168,OBCS-7527,NON
OD-2167,OBCS-7526,NON
OD-2166,OBCS-7525,NON
OD-2165,OBCS-7520,NON
OD-2164,OBCS-7519,NON
OD-2163,OBCS-7518,NON
OD-2162,OBCS-7517,NON
OD-2161,OBCS-7516,NON
OD-2160,OBCS-7515,NON
OD-2159,OBCS-7514,NON
OD-2158,OBCS-7513,NON
OD-2157,OBCS-7512,NON
OD-2156,OBCS-7511,NON
OD-2154,OBCS-7507,NON
OD-2153,OBCS-7506,NON
OD-2152,OBCS-7505,NON
OD-2151,OBCS-7504,NON
OD-2150,OBCS-7496,NON
OD-2149,OBCS-7481,NON
OD-2148,OBCS-7480,NON
OD-2147,OBCS-7479,NON
OD-2146,OBCS-7477,NON
OD-2145,OBCS-7476,NON
OD-2144,OBCS-7454,NON
OD-2142,OBCS-7453,NON
OD-2141,OBCS-7444,NON
OD-2140,OBCS-7442,NON
OD-2139,OBCS-7441,NON
OD-2138,OBCS-7436,NON
OD-2137,OBCS-7435,NON
OD-2136,OBCS-7434,NON
OD-2135,OBCS-7433,NON
OD-2134,OBCS-7432,NON
OD-2133,OBCS-7431,NON
OD-2132,OBCS-7430,NON
OD-2131,OBCS-7429,NON
OD-2130,OBCS-7428,NON
OD-2129,OBCS-7427,NON
OD-2128,OBCS-7426,NON
OD-2127,OBCS-7425,NON
OD-2126,OBCS-7424,NON
OD-2125,OBCS-7423,NON
OD-2124,OBCS-7422,NON
OD-2123,OBCS-7359,NON
OD-2122,OBCS-7358,NON
OD-2121,OBCS-7357,NON
OD-2120,OBCS-7351,NON
OD-2119,OBCS-7350,NON
OD-2117,OBCS-7348,NON
OD-2116,OBCS-7347,NON
OD-2115,OBCS-7346,NON
OD-2113,OBCS-7344,NON
OD-2112,OBCS-7343,NON
OD-2111,OBCS-7342,NON
OD-2110,OBCS-7334,NON
OD-2109,OBCS-7291,NON
OD-2108,OBCS-7262,NON
OD-2107,OBCS-7261,NON
OD-2106,OBCS-7260,NON
OD-2105,OBCS-7259,NON
OD-2104,OBCS-7258,NON
OD-2103,OBCS-7257,NON
OD-2102,OBCS-7256,NON
OD-2101,OBCS-7255,NON
OD-2100,OBCS-7253,NON
OD-2099,OBCS-7252,NON
OD-2098,OBCS-7159,NON
OD-2097,OBCS-7158,NON
OD-2096,OBCS-7157,NON
OD-2095,OBCS-7156,NON
OD-2094,OBCS-7155,NON
OD-2093,OBCS-7154,NON
OD-2092,OBCS-7153,NON
OD-2091,OBCS-7152,NON
OD-2090,OBCS-7150,NON
OD-2089,OBCS-7149,NON
OD-2088,OBCS-7148,NON
OD-2086,OBCS-7146,NON
OD-2085,OBCS-7144,NON
OD-2084,OBCS-7143,NON
OD-2083,OBCS-7142,NON
OD-2082,OBCS-7141,NON
OD-2081,OBCS-7140,NON
OD-2080,OBCS-7139,NON
OD-2079,OBCS-7138,NON
OD-2078,OBCS-7137,NON
OD-2077,OBCS-7080,NON
OD-2076,OBCS-7079,NON
OD-2075,OBCS-7078,NON
OD-2074,OBCS-7077,NON
OD-2073,OBCS-7076,NON
OD-2071,OBCS-7060,NON
OD-2070,OBCS-7059,NON
OD-2069,OBCS-7057,NON
OD-2068,OBCS-7056,NON
OD-2067,OBCS-7051,NON
OD-2066,OBCS-7050,NON
OD-2065,OBCS-7049,NON
OD-2064,OBCS-7046,NON
OD-2063,OBCS-7045,NON
OD-2062,OBCS-7044,NON
OD-2061,OBCS-7043,NON
OD-2060,OBCS-7042,NON
OD-2059,OBCS-7041,NON
OD-2058,OBCS-7040,NON
OD-2057,OBCS-7037,NON
OD-2056,OBCS-6964,NON
OD-2055,OBCS-6963,NON
OD-2054,OBCS-6962,NON
OD-2053,OBCS-6961,NON
OD-2052,OBCS-6959,NON
OD-2051,OBCS-6958,NON
OD-2050,OBCS-6957,NON
OD-2049,OBCS-6956,NON
OD-2048,OBCS-6954,NON
OD-2047,OBCS-6951,NON
OD-2046,OBCS-6950,NON
OD-2045,OBCS-6949,NON
OD-2044,OBCS-6948,NON
OD-2043,OBCS-6947,NON
OD-2042,OBCS-6944,NON
OD-2041,OBCS-6943,NON
OD-2040,OBCS-6942,NON
OD-2038,OBCS-6941,NON
OD-2037,OBCS-6940,NON
OD-2036,OBCS-6939,NON
OD-2035,OBCS-6938,NON
OD-2034,OBCS-6937,NON
OD-2033,OBCS-6936,NON
OD-2032,OBCS-6935,NON
OD-2031,OBCS-6934,NON
OD-2030,OBCS-6933,NON
OD-2029,OBCS-6931,NON
OD-2028,OBCS-6922,NON
OD-2027,OBCS-6921,NON
OD-2026,OBCS-6872,NON
OD-2025,OBCS-6871,NON
OD-2024,OBCS-6868,NON
OD-2022,OBCS-6866,NON
OD-2021,OBCS-6864,NON
OD-2020,OBCS-6863,NON
OD-2019,OBCS-6862,NON
OD-2017,OBCS-6860,NON
OD-2016,OBCS-6859,NON
OD-2015,OBCS-6858,NON
OD-2012,OBCS-6851,NON
OD-2011,OBCS-6849,NON
OD-2010,OBCS-6756,NON
OD-2009,OBCS-6755,NON
OD-2008,OBCS-6754,NON
OD-2007,OBCS-6751,NON
OD-2006,OBCS-6750,NON
OD-2005,OBCS-6749,NON
OD-2004,OBCS-6748,NON
OD-2003,OBCS-6744,NON
OD-2002,OBCS-6743,NON
OD-2001,OBCS-6741,NON
OD-2000,OBCS-6740,NON
OD-1999,OBCS-6739,NON
OD-1998,OBCS-6738,NON
OD-1997,OBCS-6737,NON
OD-1996,OBCS-6736,NON
OD-1995,OBCS-6731,NON
OD-1993,OBCS-6672,NON
OD-1992,OBCS-6671,NON
OD-1991,OBCS-6670,NON
OD-1990,OBCS-6669,NON
OD-1989,OBCS-6668,NON
OD-1988,OBCS-6663,NON
OD-1987,OBCS-6662,NON
OD-1986,OBCS-6661,NON
OD-1985,OBCS-6660,NON
OD-1984,OBCS-6659,NON
OD-1983,OBCS-6658,NON
OD-1982,OBCS-6657,NON
OD-1981,OBCS-6656,NON
OD-1980,OBCS-6655,NON
OD-1978,OBCS-6653,NON
OD-1977,OBCS-6648,NON
OD-1976,OBCS-6647,NON
OD-1975,OBCS-6646,NON
OD-1974,OBCS-6644,NON
OD-1973,OBCS-6643,NON
OD-1972,OBCS-6639,NON
OD-1971,OBCS-6625,NON
OD-1970,OBCS-6599,NON
OD-1969,OBCS-6598,NON
OD-1967,OBCS-6593,NON
OD-1966,OBCS-6592,NON
OD-1964,OBCS-6590,NON
OD-1963,OBCS-6589,NON
OD-1962,OBCS-6588,NON
OD-1960,OBCS-6586,NON
OD-1959,OBCS-6585,NON
OD-1958,OBCS-6584,NON
OD-1956,OBCS-6582,NON
OD-1955,OBCS-6581,NON
OD-1954,OBCS-6580,NON
OD-1953,OBCS-6579,NON
OD-1952,OBCS-6578,NON
OD-1951,OBCS-6577,NON
OD-1950,OBCS-6576,NON
OD-1949,OBCS-6575,NON
OD-1948,OBCS-6574,NON
OD-1947,OBCS-6573,NON
OD-1946,OBCS-6572,NON
OD-1945,OBCS-6571,NON
OD-1944,OBCS-6570,NON
OD-1943,OBCS-6569,NON
OD-1942,OBCS-6568,NON
OD-1941,OBCS-6567,NON
OD-1940,OBCS-6565,NON
OD-1939,OBCS-6564,NON
OD-1938,OBCS-6563,NON
OD-1937,OBCS-6562,NON
OD-1936,OBCS-6513,NON
OD-1935,OBCS-6511,NON
OD-1934,OBCS-6510,NON
OD-1933,OBCS-6509,NON
OD-1929,OBCS-6508,NON
OD-1928,OBCS-6507,NON
OD-1927,OBCS-6505,NON
OD-1926,OBCS-6499,NON
OD-1925,OBCS-6498,NON
OD-1924,OBCS-6497,NON
OD-1923,OBCS-6494,NON
OD-1922,OBCS-6493,NON
OD-1921,OBCS-6492,NON
OD-1920,OBCS-6491,NON
OD-1919,OBCS-6456,NON
OD-1918,OBCS-10513,NON
OD-1916,OBCS-6443,NON
OD-1915,OBCS-6441,NON
OD-1914,OBCS-6440,NON
OD-1912,OBCS-6439,NON
OD-1911,OBCS-6436,NON
OD-1910,OBCS-6435,NON
OD-1909,OBCS-6434,NON
OD-1908,OBCS-6433,NON
OD-1907,OBCS-6430,NON
OD-1906,OBCS-6429,NON
OD-1905,OBCS-6428,NON
OD-1904,OBCS-6427,NON
OD-1900,OBCS-6425,NON
OD-1899,OBCS-6424,NON
OD-1898,OBCS-6423,NON
OD-1897,OBCS-6422,NON
OD-1896,OBCS-6421,NON
OD-1895,OBCS-6420,NON
OD-1894,OBCS-6419,NON
OD-1893,OBCS-6418,NON
OD-1892,OBCS-6415,NON
OD-1891,OBCS-6412,NON
OD-1890,OBCS-6378,NON
OD-1887,OBCS-6377,NON
OD-1886,OBCS-6376,NON
OD-1885,OBCS-6375,NON
OD-1884,OBCS-6374,NON
OD-1883,OBCS-6372,NON
OD-1882,OBCS-6371,NON
OD-1881,OBCS-6370,NON
OD-1880,OBCS-6368,NON
OD-1879,OBCS-6367,NON
OD-1878,OBCS-6363,NON
OD-1877,OBCS-6359,NON
OD-1875,OBCS-6329,NON
OD-1873,OBCS-6327,NON
OD-1872,OBCS-6323,NON
OD-1871,OBCS-6322,NON
OD-1870,OBCS-6321,NON
OD-1869,OBCS-6320,NON
OD-1868,OBCS-6307,NON
OD-1867,OBCS-6306,NON
OD-1866,OBCS-6296,NON
OD-1865,OBCS-6295,NON
OD-1864,OBCS-6289,NON
OD-1863,OBCS-6286,NON
OD-1862,OBCS-6285,NON
OD-1861,OBCS-6284,NON
OD-1860,OBCS-9200,NON
OD-1859,OBCS-6280,NON
OD-1858,OBCS-6279,NON
OD-1857,OBCS-6277,NON
OD-1856,OBCS-6276,NON
OD-1855,OBCS-6275,NON
OD-1854,OBCS-6239,NON
OD-1853,OBCS-6236,NON
OD-1852,OBCS-6232,NON
OD-1851,OBCS-6231,NON
OD-1849,OBCS-6222,NON
OD-1848,OBCS-6218,NON
OD-1847,OBCS-6217,NON
OD-1846,OBCS-6216,NON
OD-1845,OBCS-6215,NON
OD-1844,OBCS-6214,NON
OD-1843,OBCS-6213,NON
OD-1842,OBCS-6211,NON
OD-1841,OBCS-6210,NON
OD-1840,OBCS-6206,NON
OD-1839,OBCS-6205,NON
OD-1838,OBCS-6191,NON
OD-1837,OBCS-6155,NON
OD-1836,OBCS-6154,NON
OD-1835,OBCS-6153,NON
OD-1826,OBCS-6103,NON
OD-1825,OBCS-6102,NON
OD-1824,OBCS-6101,NON
OD-1823,OBCS-6100,NON
OD-1822,OBCS-6099,NON
OD-1821,OBCS-6098,NON
OD-1820,OBCS-6097,NON
OD-1819,OBCS-6096,NON
OD-1818,OBCS-6094,NON
OD-1817,OBCS-5991,NON
OD-1816,OBCS-5990,NON
OD-1815,OBCS-5989,NON
OD-1814,OBCS-5987,NON
OD-1813,OBCS-5986,NON
OD-1812,OBCS-5985,NON
OD-1811,OBCS-5984,NON
OD-1810,OBCS-5979,NON
OD-1809,OBCS-5978,NON
OD-1808,OBCS-5977,NON
OD-1807,OBCS-5976,NON
OD-1806,OBCS-5975,NON
OD-1805,OBCS-5974,NON
OD-1804,OBCS-5972,NON
OD-1803,OBCS-5868,NON
OD-1802,OBCS-5836,NON
OD-1801,OBCS-5829,NON
OD-1800,OBCS-5827,NON
OD-1797,OBCS-5812,NON
OD-1796,OBCS-5811,NON
OD-1795,OBCS-5810,NON
OD-1794,OBCS-5807,NON
OD-1793,OBCS-5805,NON
OD-1792,OBCS-5804,NON
OD-1791,OBCS-5801,NON
OD-1790,OBCS-5800,NON
OD-1789,OBCS-5795,NON
OD-1788,OBCS-5793,NON
OD-1787,OBCS-5790,NON
OD-1786,OBCS-5789,NON
OD-1785,OBCS-5788,NON
OD-1784,OBCS-5787,NON
OD-1783,OBCS-5441,NON
OD-1782,OBCS-5440,NON
OD-1781,OBCS-5439,NON
OD-1780,OBCS-5418,NON
OD-1779,OBCS-5417,NON
OD-1778,OBCS-5416,NON
OD-1777,OBCS-5414,NON
OD-1776,OBCS-5413,NON
OD-1775,OBCS-5412,NON
OD-1774,OBCS-5411,NON
OD-1773,OBCS-5410,NON
OD-1772,OBCS-5409,NON
OD-1771,OBCS-5408,NON
OD-1770,OBCS-5407,NON
OD-1769,OBCS-5406,NON
OD-1768,OBCS-5405,NON
OD-1767,OBCS-3956,NON
OD-1766,OBCS-3519,NON
OD-1765,OBCS-1933,NON
OD-1764,OBCS-1440,NON
OD-1763,OBCS-1436,NON
OD-1762,OBCS-1408,NON
OD-1761,OBCS-1381,NON
OD-1760,OBCS-1380,NON
OD-1759,OBCS-1379,NON
OD-1758,OBCS-1378,NON
OD-1757,OBCS-1377,NON
OD-1756,OBCS-1376,NON
OD-1755,OBCS-1375,NON
OD-1754,OBCS-1374,NON
OD-1753,OBCS-1373,NON
OD-1752,OBCS-1372,NON
OD-1751,OBCS-1371,NON
OD-1750,OBCS-1370,NON
OD-1749,OBCS-1369,NON
OD-1748,OBCS-1368,NON
OD-1747,OBCS-1367,NON
OD-1746,OBCS-1366,NON
OD-1745,OBCS-1365,NON
OD-1744,OBCS-1364,NON
OD-1743,OBCS-1362,NON
OD-1742,OBCS-1361,NON
OD-1741,OBCS-1360,NON
OD-1740,OBCS-1359,NON
OD-1739,OBCS-1358,NON
OD-1738,OBCS-1315,NON
OD-1737,OBCS-1314,NON
OD-1736,OBCS-1313,NON
OD-1733,OBCS-1312,NON
OD-1732,OBCS-1310,NON
OD-1731,OBCS-1309,NON
OD-1730,OBCS-1308,NON
OD-1729,OBCS-1307,NON
OD-1728,OBCS-1304,NON
OD-1727,OBCS-1303,NON
OD-1726,OBCS-1302,NON
OD-1725,OBCS-1301,NON
OD-1724,OBCS-1300,NON
OD-1722,OBCS-1298,NON
OD-1721,OBCS-6328,NON
OD-1720,OBCS-1296,NON
OD-1719,OBCS-1295,NON
OD-1718,OBCS-1137,NON
OD-1717,OBCS-1293,NON
OD-1716,OBCS-1292,NON
OD-1715,OBCS-1290,NON
OD-1714,OBCS-1289,NON
OD-1713,OBCS-1288,NON
OD-1712,OBCS-1286,NON
OD-1711,OBCS-1285,NON
OD-1710,OBCS-1284,NON
OD-1709,OBCS-1283,NON
OD-1708,OBCS-1282,NON
OD-1707,OBCS-1281,NON
OD-1706,OBCS-1280,NON
OD-1705,OBCS-1279,NON
OD-1704,OBCS-1278,NON
OD-1702,OBCS-1276,NON
OD-1701,OBCS-1275,NON
OD-1700,OBCS-1274,NON
OD-1699,OBCS-1273,NON
OD-1698,OBCS-1270,NON
OD-1697,OBCS-1269,NON
OD-1696,OBCS-1277,NON
OD-1694,OBCS-1266,NON
OD-1693,OBCS-1265,NON
OD-1692,OBCS-1264,NON
OD-1691,OBCS-1263,NON
OD-1690,OBCS-1262,NON
OD-1689,OBCS-1261,NON
OD-1688,OBCS-1260,NON
OD-1687,OBCS-1259,NON
OD-1686,OBCS-1258,NON
OD-1685,OBCS-1257,NON
OD-1684,OBCS-1256,NON
OD-1683,OBCS-1255,NON
OD-1682,OBCS-1254,NON
OD-1681,OBCS-1253,NON
OD-1680,OBCS-1252,NON
OD-1679,OBCS-1251,NON
OD-1677,OBCS-1249,NON
OD-1676,OBCS-1248,NON
OD-1675,OBCS-1247,NON
OD-1674,OBCS-1246,NON
OD-1673,OBCS-1245,NON
OD-1672,OBCS-1244,NON
OD-1671,OBCS-1243,NON
OD-1670,OBCS-1242,NON
OD-1668,OBCS-1241,NON
OD-1667,OBCS-1240,NON
OD-1666,OBCS-1239,NON
OD-1664,OBCS-1237,NON
OD-1663,OBCS-1236,NON
OD-1662,OBCS-732,NON
OD-1661,OBCS-1234,NON
OD-1660,OBCS-1233,NON
OD-1658,OBCS-1231,NON
OD-1657,OBCS-1230,NON
OD-1656,OBCS-1229,NON
OD-1655,OBCS-1228,NON
OD-1653,OBCS-1226,NON
OD-1652,OBCS-1225,NON
OD-1651,OBCS-1224,NON
OD-1650,OBCS-1223,NON
OD-1649,OBCS-1222,NON
OD-1648,OBCS-1221,NON
OD-1647,OBCS-1220,NON
OD-1646,OBCS-1219,NON
OD-1645,OBCS-1218,NON
OD-1644,OBCS-1217,NON
OD-1643,OBCS-1216,NON
OD-1642,OBCS-1215,NON
OD-1641,OBCS-1214,NON
OD-1640,OBCS-1213,NON
OD-1639,OBCS-1212,NON
OD-1638,OBCS-1211,NON
OD-1637,OBCS-1210,NON
OD-1636,OBCS-1209,NON
OD-1635,OBCS-1208,NON
OD-1634,OBCS-1207,NON
OD-1633,OBCS-1206,NON
OD-1632,OBCS-1205,NON
OD-1631,OBCS-1204,NON
OD-1630,OBCS-1203,NON
OD-1629,OBCS-1202,NON
OD-1627,OBCS-1200,NON
OD-1626,OBCS-1199,NON
OD-1625,OBCS-1198,NON
OD-1624,OBCS-1197,NON
OD-1623,OBCS-1196,NON
OD-1622,OBCS-1195,NON
OD-1621,OBCS-1194,NON
OD-1620,OBCS-1193,NON
OD-1619,OBCS-1192,NON
OD-1618,OBCS-1191,NON
OD-1617,OBCS-1190,NON
OD-1616,OBCS-1189,NON
OD-1615,OBCS-1188,NON
OD-1614,OBCS-1187,NON
OD-1613,OBCS-1186,NON
OD-1612,OBCS-1185,NON
OD-1611,OBCS-1184,NON
OD-1610,OBCS-1183,NON
OD-1609,OBCS-1182,NON
OD-1608,OBCS-1181,NON
OD-1607,OBCS-1180,NON
OD-1606,OBCS-1179,NON
OD-1605,OBCS-1178,NON
OD-1604,OBCS-1177,NON
OD-1602,OBCS-1175,NON
OD-1601,OBCS-1174,NON
OD-1600,OBCS-1173,NON
OD-1599,OBCS-1172,NON
OD-1598,OBCS-1171,NON
OD-1597,OBCS-1170,NON
OD-1596,OBCS-1169,NON
OD-1595,OBCS-1168,NON
OD-1594,OBCS-1167,NON
OD-1593,OBCS-1166,NON
OD-1592,OBCS-1165,NON
OD-1591,OBCS-1164,NON
OD-1589,OBCS-1162,NON
OD-1586,OBCS-1161,NON
OD-1585,OBCS-1160,NON
OD-1584,OBCS-1159,NON
OD-1583,OBCS-1158,NON
OD-1582,OBCS-1157,NON
OD-1581,OBCS-1156,NON
OD-1580,OBCS-1155,NON
OD-1579,OBCS-1154,NON
OD-1578,OBCS-1153,NON
OD-1577,OBCS-7853,NON
OD-1576,OBCS-1151,NON
OD-1575,OBCS-1150,NON
OD-1574,OBCS-1149,NON
OD-1572,OBCS-1147,NON
OD-1571,OBCS-1146,NON
OD-1570,OBCS-1145,NON
OD-1569,OBCS-1144,NON
OD-1568,OBCS-1143,NON
OD-1567,OBCS-1142,NON
OD-1566,OBCS-1141,NON
OD-1565,OBCS-1140,NON
OD-1564,OBCS-1139,NON
OD-1563,OBCS-1138,NON
OD-1561,OBCS-1136,NON
OD-1560,OBCS-1135,NON
OD-1559,OBCS-1134,NON
OD-1558,OBCS-1133,NON
OD-1557,OBCS-1132,NON
OD-1556,OBCS-1131,NON
OD-1555,OBCS-1130,NON
OD-1554,OBCS-1129,NON
OD-1553,OBCS-1128,NON
OD-1552,OBCS-1127,NON
OD-1551,OBCS-1126,NON
OD-1550,OBCS-1125,NON
OD-1549,OBCS-1124,NON
OD-1548,OBCS-1123,NON
OD-1547,OBCS-1122,NON
OD-1546,OBCS-1121,NON
OD-1545,OBCS-1120,NON
OD-1543,OBCS-1119,NON
OD-1542,OBCS-1118,NON
OD-1540,OBCS-1116,NON
OD-1539,OBCS-1115,NON
OD-1538,OBCS-1114,NON
OD-1537,OBCS-1113,NON
OD-1536,OBCS-1112,NON
OD-1535,OBCS-1111,NON
OD-1534,OBCS-1110,NON
OD-1533,OBCS-1109,NON
OD-1532,OBCS-1108,NON
OD-1531,OBCS-1107,NON
OD-1530,OBCS-1106,NON
OD-1529,OBCS-1105,NON
OD-1528,OBCS-1104,NON
OD-1527,OBCS-1103,NON
OD-1526,OBCS-1102,NON
OD-1525,OBCS-1101,NON
OD-1523,OBCS-1100,NON
OD-1522,OBCS-1099,NON
OD-1521,OBCS-1098,NON
OD-1519,OBCS-1096,NON
OD-1518,OBCS-1095,NON
OD-1517,OBCS-1094,NON
OD-1516,OBCS-1093,NON
OD-1515,OBCS-1092,NON
OD-1514,OBCS-1091,NON
OD-1513,OBCS-1090,NON
OD-1512,OBCS-1089,NON
OD-1511,OBCS-1088,NON
OD-1510,OBCS-1087,NON
OD-1509,OBCS-1086,NON
OD-1508,OBCS-1085,NON
OD-1507,OBCS-1084,NON
OD-1506,OBCS-1083,NON
OD-1505,OBCS-1082,NON
OD-1504,OBCS-1081,NON
OD-1503,OBCS-1080,NON
OD-1502,OBCS-1079,NON
OD-1500,OBCS-1077,NON
OD-1499,OBCS-1076,NON
OD-1498,OBCS-1075,NON
OD-1497,OBCS-1074,NON
OD-1496,OBCS-1073,NON
OD-1493,OBCS-1063,NON
OD-1492,OBCS-1062,NON
OD-1491,OBCS-1061,NON
OD-1490,OBCS-1059,NON
OD-1489,OBCS-1058,NON
OD-1488,OBCS-1057,NON
OD-1486,OBCS-1056,NON
OD-1485,OBCS-1055,NON
OD-1484,OBCS-1054,NON
OD-1481,OBCS-1051,NON
OD-1480,OBCS-1050,NON
OD-1479,OBCS-1049,NON
OD-1478,OBCS-1048,NON
OD-1476,OBCS-1046,NON
OD-1474,OBCS-1044,NON
OD-1473,OBCS-1039,NON
OD-1472,OBCS-1042,NON
OD-1471,OBCS-1041,NON
OD-1470,OBCS-1040,NON
OD-1468,OBCS-1038,NON
OD-1467,OBCS-1037,NON
OD-1466,OBCS-1036,NON
OD-1465,OBCS-1035,NON
OD-1464,OBCS-1034,NON
OD-1463,OBCS-1033,NON
OD-1462,OBCS-1032,NON
OD-1461,OBCS-1031,NON
OD-1460,OBCS-1030,NON
OD-1459,OBCS-1029,NON
OD-1458,OBCS-1028,NON
OD-1456,OBCS-1026,NON
OD-1455,OBCS-1025,NON
OD-1454,OBCS-1024,NON
OD-1453,OBCS-1023,NON
OD-1452,OBCS-1022,NON
OD-1451,OBCS-1021,NON
OD-1450,OBCS-1020,NON
OD-1449,OBCS-1019,NON
OD-1448,OBCS-1018,NON
OD-1447,OBCS-1017,NON
OD-1446,OBCS-1016,NON
OD-1445,OBCS-1015,NON
OD-1444,OBCS-1014,NON
OD-1443,OBCS-1013,NON
OD-1442,OBCS-1012,NON
OD-1441,OBCS-1011,NON
OD-1440,OBCS-1010,NON
OD-1439,OBCS-1009,NON
OD-1438,OBCS-1008,NON
OD-1437,OBCS-1007,NON
OD-1436,OBCS-1006,NON
OD-1435,OBCS-1005,NON
OD-1434,OBCS-1004,NON
OD-1433,OBCS-1003,NON
OD-1432,OBCS-1002,NON
OD-1431,OBCS-1001,NON
OD-1430,OBCS-1000,NON
OD-1429,OBCS-999,NON
OD-1428,OBCS-998,NON
OD-1425,OBCS-995,NON
OD-1424,OBCS-994,NON
OD-1423,OBCS-993,NON
OD-1422,OBCS-992,NON
OD-1421,OBCS-991,NON
OD-1420,OBCS-990,NON
OD-1419,OBCS-989,NON
OD-1417,OBCS-987,NON
OD-1416,OBCS-986,NON
OD-1415,OBCS-985,NON
OD-1414,OBCS-984,NON
OD-1413,OBCS-11224,NON
OD-1412,OBCS-982,NON
OD-1411,OBCS-981,NON
OD-1410,OBCS-980,NON
OD-1409,OBCS-979,NON
OD-1408,OBCS-978,NON
OD-1407,OBCS-977,NON
OD-1406,OBCS-976,NON
OD-1405,OBCS-975,NON
OD-1404,OBCS-974,NON
OD-1403,OBCS-973,NON
OD-1402,OBCS-972,NON
OD-1401,OBCS-971,NON
OD-1400,OBCS-970,NON
OD-1399,OBCS-969,NON
OD-1398,OBCS-968,NON
OD-1397,OBCS-967,NON
OD-1396,OBCS-966,NON
OD-1395,OBCS-965,NON
OD-1394,OBCS-964,NON
OD-1392,OBCS-962,NON
OD-1391,OBCS-961,NON
OD-1390,OBCS-960,NON
OD-1389,OBCS-959,NON
OD-1388,OBCS-958,NON
OD-1387,OBCS-957,NON
OD-1385,OBCS-955,NON
OD-1384,OBCS-954,NON
OD-1383,OBCS-953,NON
OD-1382,OBCS-952,NON
OD-1381,OBCS-951,NON
OD-1380,OBCS-950,NON
OD-1379,OBCS-724,NON
OD-1378,OBCS-948,NON
OD-1377,OBCS-947,NON
OD-1376,OBCS-946,NON
OD-1375,OBCS-945,NON
OD-1374,OBCS-944,NON
OD-1373,OBCS-943,NON
OD-1372,OBCS-942,NON
OD-1371,OBCS-941,NON
OD-1370,OBCS-940,NON
OD-1369,OBCS-939,NON
OD-1368,OBCS-938,NON
OD-1365,OBCS-937,NON
OD-1364,OBCS-936,NON
OD-1363,OBCS-935,NON
OD-1362,OBCS-934,NON
OD-1361,OBCS-933,NON
OD-1360,OBCS-932,NON
OD-1359,OBCS-931,NON
OD-1358,OBCS-930,NON
OD-1357,OBCS-929,NON
OD-1356,OBCS-928,NON
OD-1355,OBCS-927,NON
OD-1354,OBCS-926,NON
OD-1353,OBCS-925,NON
OD-1352,OBCS-924,NON
OD-1351,OBCS-923,NON
OD-1350,OBCS-922,NON
OD-1349,OBCS-921,NON
OD-1348,OBCS-920,NON
OD-1347,OBCS-919,NON
OD-1346,OBCS-918,NON
OD-1345,OBCS-917,NON
OD-1344,OBCS-916,NON
OD-1343,OBCS-915,NON
OD-1342,OBCS-914,NON
OD-1341,OBCS-913,NON
OD-1340,OBCS-912,NON
OD-1339,OBCS-911,NON
OD-1338,OBCS-910,NON
OD-1337,OBCS-909,NON
OD-1336,OBCS-908,NON
OD-1335,OBCS-907,NON
OD-1334,OBCS-906,NON
OD-1333,OBCS-905,NON
OD-1332,OBCS-904,NON
OD-1331,OBCS-903,NON
OD-1330,OBCS-902,NON
OD-1329,OBCS-901,NON
OD-1328,OBCS-900,NON
OD-1327,OBCS-899,NON
OD-1326,OBCS-898,NON
OD-1325,OBCS-897,NON
OD-1324,OBCS-896,NON
OD-1323,OBCS-895,NON
OD-1322,OBCS-894,NON
OD-1321,OBCS-893,NON
OD-1320,OBCS-892,NON
OD-1319,OBCS-891,NON
OD-1318,OBCS-890,NON
OD-1317,OBCS-889,NON
OD-1316,OBCS-888,NON
OD-1313,OBCS-886,NON
OD-1312,OBCS-885,NON
OD-1311,OBCS-884,NON
OD-1310,OBCS-883,NON
OD-1309,OBCS-882,NON
OD-1308,OBCS-881,NON
OD-1307,OBCS-880,NON
OD-1306,OBCS-879,NON
OD-1305,OBCS-878,NON
OD-1304,OBCS-877,NON
OD-1303,OBCS-876,NON
OD-1302,OBCS-875,NON
OD-1300,OBCS-873,NON
OD-1298,OBCS-871,NON
OD-1297,OBCS-870,NON
OD-1296,OBCS-869,NON
OD-1295,OBCS-868,NON
OD-1294,OBCS-867,NON
OD-1293,OBCS-866,NON
OD-1292,OBCS-865,NON
OD-1291,OBCS-864,NON
OD-1290,OBCS-863,NON
OD-1289,OBCS-862,NON
OD-1288,OBCS-6594,NON
OD-1287,OBCS-860,NON
OD-1286,OBCS-859,NON
OD-1285,OBCS-858,NON
OD-1284,OBCS-857,NON
OD-1283,OBCS-856,NON
OD-1281,OBCS-854,NON
OD-1280,OBCS-853,NON
OD-1279,OBCS-852,NON
OD-1278,OBCS-851,NON
OD-1277,OBCS-850,NON
OD-1276,OBCS-849,NON
OD-1275,OBCS-848,NON
OD-1274,OBCS-847,NON
OD-1273,OBCS-846,NON
OD-1272,OBCS-845,NON
OD-1271,OBCS-844,NON
OD-1270,OBCS-843,NON
OD-1269,OBCS-842,NON
OD-1268,OBCS-841,NON
OD-1267,OBCS-840,NON
OD-1266,OBCS-839,NON
OD-1265,OBCS-838,NON
OD-1264,OBCS-837,NON
OD-1263,OBCS-836,NON
OD-1262,OBCS-835,NON
OD-1261,OBCS-834,NON
OD-1260,OBCS-833,NON
OD-1259,OBCS-832,NON
OD-1258,OBCS-831,NON
OD-1257,OBCS-830,NON
OD-1256,OBCS-829,NON
OD-1255,OBCS-828,NON
OD-1254,OBCS-827,NON
OD-1253,OBCS-826,NON
OD-1252,OBCS-825,NON
OD-1251,OBCS-824,NON
OD-1250,OBCS-823,NON
OD-1249,OBCS-822,NON
OD-1248,OBCS-821,NON
OD-1247,OBCS-820,NON
OD-1246,OBCS-819,NON
OD-1238,OBCS-817,NON
OD-1237,OBCS-816,NON
OD-1236,OBCS-815,NON
OD-1235,OBCS-814,NON
OD-1234,OBCS-813,NON
OD-1233,OBCS-812,NON
OD-1231,OBCS-811,NON
OD-1230,OBCS-810,NON
OD-1229,OBCS-809,NON
OD-1228,OBCS-808,NON
OD-1227,OBCS-807,NON
OD-1226,OBCS-806,NON
OD-1225,OBCS-805,NON
OD-1224,OBCS-804,NON
OD-1223,OBCS-803,NON
OD-1222,OBCS-802,NON
OD-1221,OBCS-801,NON
OD-1219,OBCS-799,NON
OD-1218,OBCS-798,NON
OD-1216,OBCS-796,NON
OD-1215,OBCS-795,NON
OD-1214,OBCS-794,NON
OD-1213,OBCS-793,NON
OD-1212,OBCS-792,NON
OD-1210,OBCS-790,NON
OD-1208,OBCS-789,NON
OD-1207,OBCS-788,NON
OD-1206,OBCS-787,NON
OD-1205,OBCS-786,NON
OD-1204,OBCS-785,NON
OD-1203,OBCS-784,NON
OD-1202,OBCS-783,NON
OD-1201,OBCS-782,NON
OD-1200,OBCS-611,NON
OD-1199,OBCS-780,NON
OD-1197,OBCS-778,NON
OD-1196,OBCS-777,NON
OD-1195,OBCS-776,NON
OD-1194,OBCS-775,NON
OD-1193,OBCS-774,NON
OD-1192,OBCS-772,NON
OD-1190,OBCS-771,NON
OD-1189,OBCS-770,NON
OD-1188,OBCS-769,NON
OD-1187,OBCS-768,NON
OD-1186,OBCS-767,NON
OD-1184,OBCS-765,NON
OD-1183,OBCS-764,NON
OD-1182,OBCS-763,NON
OD-1181,OBCS-762,NON
OD-1180,OBCS-761,NON
OD-1179,OBCS-760,NON
OD-1177,OBCS-758,NON
OD-1175,OBCS-757,NON
OD-1173,OBCS-756,NON
OD-1172,OBCS-9657,NON
OD-1171,OBCS-754,NON
OD-1170,OBCS-753,NON
OD-1169,OBCS-752,NON
OD-1168,OBCS-818,NON
OD-1167,OBCS-750,NON
OD-1166,OBCS-749,NON
OD-1165,OBCS-748,NON
OD-1164,OBCS-747,NON
OD-1163,OBCS-746,NON
OD-1161,OBCS-745,NON
OD-1160,OBCS-744,NON
OD-1158,OBCS-742,NON
OD-1157,OBCS-741,NON
OD-1156,OBCS-740,NON
OD-1153,OBCS-739,NON
OD-1152,OBCS-738,NON
OD-1151,OBCS-737,NON
OD-1149,OBCS-735,NON
OD-1148,OBCS-734,NON
OD-1147,OBCS-729,NON
OD-1146,OBCS-728,NON
OD-1145,OBCS-727,NON
OD-1144,OBCS-726,NON
OD-898,OBCS-717,NON
OD-897,OBCS-716,NON
OD-896,OBCS-715,NON
OD-895,OBCS-714,NON
OD-894,OBCS-713,NON
OD-891,OBCS-712,NON
OD-885,OBCS-711,NON
OD-884,OBCS-710,NON
OD-883,OBCS-709,NON
OD-882,OBCS-708,NON
OD-881,OBCS-707,NON
OD-880,OBCS-706,NON
OD-879,OBCS-705,NON
OD-878,OBCS-704,NON
OD-877,OBCS-703,NON
OD-875,OBCS-691,NON
OD-874,OBCS-690,NON
OD-873,OBCS-689,NON
OD-872,OBCS-688,NON
OD-870,OBCS-686,NON
OD-869,OBCS-685,NON
OD-868,OBCS-684,NON
OD-867,OBCS-683,NON
OD-866,OBCS-682,NON
OD-865,OBCS-681,NON
OD-864,OBCS-680,NON
OD-863,OBCS-679,NON
OD-862,OBCS-678,NON
OD-860,OBCS-677,NON
OD-858,OBCS-676,NON
OD-857,OBCS-446,NON
OD-856,OBCS-445,NON
OD-854,OBCS-444,NON
OD-853,OBCS-443,NON
OD-852,OBCS-442,NON
OD-851,OBCS-675,NON
OD-850,OBCS-441,NON
OD-849,OBCS-393,NON
OD-848,OBCS-674,NON
OD-847,OBCS-673,NON
OD-845,OBCS-672,NON
OD-844,OBCS-671,NON
OD-841,OBCS-669,NON
OD-840,OBCS-668,NON
OD-839,OBCS-667,NON
OD-838,OBCS-666,NON
OD-837,OBCS-665,NON
OD-836,OBCS-664,NON
OD-835,OBCS-663,NON
OD-834,OBCS-662,NON
OD-833,OBCS-661,NON
OD-832,OBCS-660,NON
OD-831,OBCS-659,NON
OD-830,OBCS-658,NON
OD-828,OBCS-656,NON
OD-827,OBCS-655,NON
OD-826,OBCS-654,NON
OD-825,OBCS-653,NON
OD-824,OBCS-652,NON
OD-823,OBCS-651,NON
OD-822,OBCS-650,NON
OD-821,OBCS-649,NON
OD-820,OBCS-648,NON
OD-819,OBCS-647,NON
OD-818,OBCS-646,NON
OD-817,OBCS-645,NON
OD-816,OBCS-644,NON
OD-814,OBCS-643,NON
OD-813,OBCS-642,NON
OD-812,OBCS-641,NON
OD-811,OBCS-640,NON
OD-809,OBCS-638,NON
OD-808,OBCS-637,NON
OD-807,OBCS-636,NON
OD-805,OBCS-635,NON
OD-803,OBCS-633,NON
OD-802,OBCS-632,NON
OD-801,OBCS-631,NON
OD-800,OBCS-630,NON
OD-799,OBCS-629,NON
OD-798,OBCS-628,NON
OD-797,OBCS-627,NON
OD-796,OBCS-626,NON
OD-795,OBCS-625,NON
OD-794,OBCS-624,NON
OD-793,OBCS-623,NON
OD-792,OBCS-622,NON
OD-791,OBCS-621,NON
OD-790,OBCS-620,NON
OD-789,OBCS-619,NON
OD-788,OBCS-618,NON
OD-786,OBCS-616,NON
OD-785,OBCS-615,NON
OD-784,OBCS-614,NON
OD-783,OBCS-613,NON
OD-782,OBCS-612,NON
OD-779,OBCS-610,NON
OD-778,OBCS-609,NON
OD-775,OBCS-606,NON
OD-774,OBCS-605,NON
OD-773,OBCS-439,NON
OD-772,OBCS-604,NON
OD-770,OBCS-602,NON
OD-769,OBCS-601,NON
OD-768,OBCS-600,NON
OD-767,OBCS-599,NON
OD-766,OBCS-598,NON
OD-765,OBCS-597,NON
OD-764,OBCS-596,NON
OD-763,OBCS-595,NON
OD-762,OBCS-594,NON
OD-761,OBCS-593,NON
OD-760,OBCS-592,NON
OD-757,OBCS-438,NON
OD-753,OBCS-591,NON
OD-751,OBCS-590,NON
OD-748,OBCS-588,NON
OD-747,OBCS-587,NON
OD-735,OBCS-586,NON
OD-732,OBCS-421,NON
OD-731,OBCS-420,NON
OD-730,OBCS-419,NON
OD-729,OBCS-418,NON
OD-728,OBCS-417,NON
OD-727,OBCS-416,NON
OD-726,OBCS-415,NON
OD-725,OBCS-414,NON
OD-724,OBCS-413,NON
OD-723,OBCS-412,NON
OD-722,OBCS-411,NON
OD-721,OBCS-410,NON
OD-720,OBCS-409,NON
OD-719,OBCS-408,NON
OD-718,OBCS-407,NON
OD-717,OBCS-406,NON
OD-716,OBCS-435,NON
OD-715,OBCS-434,NON
OD-714,OBCS-433,NON
OD-713,OBCS-431,NON
OD-712,OBCS-430,NON
OD-711,OBCS-429,NON
OD-710,OBCS-405,NON
OD-709,OBCS-404,NON
OD-708,OBCS-428,NON
OD-707,OBCS-427,NON
OD-706,OBCS-426,NON
OD-705,OBCS-425,NON
OD-704,OBCS-424,NON
OD-703,OBCS-403,NON
OD-702,OBCS-402,NON
OD-701,OBCS-401,NON
OD-697,OBCS-400,NON
OD-695,OBCS-585,NON
OD-694,OBCS-399,NON
OD-693,OBCS-398,NON
OD-671,OBCS-584,NON
OD-670,OBCS-583,NON
OD-669,OBCS-423,NON
OD-668,OBCS-397,NON
OD-667,OBCS-582,NON
OD-666,OBCS-581,NON
OD-665,OBCS-580,NON
OD-664,OBCS-579,NON
OD-659,OBCS-578,NON
OD-658,OBCS-577,NON
OD-643,OBCS-576,NON
OD-627,OBCS-396,NON
OD-626,OBCS-575,NON
OD-625,OBCS-574,NON
OD-624,OBCS-573,NON
OD-623,OBCS-385,NON
OD-620,OBCS-570,NON
OD-618,OBCS-568,NON
OD-617,OBCS-567,NON
OD-616,OBCS-566,NON
OD-615,OBCS-565,NON
OD-614,OBCS-564,NON
OD-613,OBCS-563,NON
OD-612,OBCS-562,NON
OD-611,OBCS-561,NON
OD-610,OBCS-560,NON
OD-609,OBCS-440,NON
OD-608,OBCS-559,NON
OD-607,OBCS-558,NON
OD-606,OBCS-557,NON
OD-605,OBCS-388,NON
OD-604,OBCS-556,NON
OD-603,OBCS-555,NON
OD-601,OBCS-554,NON
OD-600,OBCS-553,NON
OD-599,OBCS-552,NON
OD-598,OBCS-392,NON
OD-597,OBCS-432,NON
OD-596,OBCS-395,NON
OD-595,OBCS-391,NON
OD-594,OBCS-551,NON
OD-593,OBCS-390,NON
OD-591,OBCS-550,NON
OD-590,OBCS-389,NON
OD-589,OBCS-549,NON
OD-588,OBCS-548,NON
OD-587,OBCS-547,NON
OD-586,OBCS-546,NON
OD-585,OBCS-545,NON
OD-583,OBCS-544,NON
OD-582,OBCS-543,NON
OD-581,OBCS-542,NON
OD-580,OBCS-541,NON
OD-579,OBCS-540,NON
OD-578,OBCS-539,NON
OD-545,OBCS-538,NON
OD-544,OBCS-537,NON
OD-543,OBCS-536,NON
OD-542,OBCS-535,NON
OD-540,OBCS-533,NON
OD-539,OBCS-532,NON
OD-538,OBCS-531,NON
OD-537,OBCS-530,NON
OD-536,OBCS-529,NON
OD-535,OBCS-528,NON
OD-534,OBCS-527,NON
OD-533,OBCS-422,NON
OD-532,OBCS-394,NON
OD-531,OBCS-526,NON
OD-530,OBCS-525,NON
OD-529,OBCS-524,NON
OD-528,OBCS-523,NON
OD-527,OBCS-522,NON
OD-526,OBCS-521,NON
OD-525,OBCS-387,NON
OD-524,OBCS-520,NON
OD-523,OBCS-519,NON
OD-522,OBCS-518,NON
OD-521,OBCS-517,NON
OD-520,OBCS-516,NON
OD-519,OBCS-515,NON
OD-518,OBCS-514,NON
OD-517,OBCS-437,NON
OD-516,OBCS-513,NON
OD-515,OBCS-512,NON
OD-514,OBCS-511,NON
OD-512,OBCS-509,NON
OD-511,OBCS-508,NON
OD-510,OBCS-507,NON
OD-509,OBCS-506,NON
OD-508,OBCS-505,NON
OD-507,OBCS-504,NON
OD-506,OBCS-503,NON
OD-505,OBCS-502,NON
OD-504,OBCS-501,NON
OD-503,OBCS-500,NON
OD-502,OBCS-499,NON
OD-501,OBCS-498,NON
OD-500,OBCS-497,NON
OD-499,OBCS-496,NON
OD-498,OBCS-495,NON
OD-497,OBCS-494,NON
OD-496,OBCS-493,NON
OD-495,OBCS-492,NON
OD-494,OBCS-491,NON
OD-493,OBCS-490,NON
OD-492,OBCS-489,NON
OD-491,OBCS-488,NON
OD-490,OBCS-487,NON
OD-489,OBCS-486,NON
OD-488,OBCS-485,NON
OD-487,OBCS-484,NON
OD-486,OBCS-483,NON
OD-485,OBCS-482,NON
OD-484,OBCS-481,NON
OD-483,OBCS-480,NON
OD-482,OBCS-479,NON
OD-481,OBCS-478,NON
OD-480,OBCS-477,NON
OD-479,OBCS-476,NON
OD-477,OBCS-474,NON
OD-476,OBCS-473,NON
OD-474,OBCS-471,NON
OD-473,OBCS-470,NON
OD-472,OBCS-469,NON
OD-471,OBCS-468,NON
OD-470,OBCS-467,NON
OD-469,OBCS-466,NON
OD-468,OBCS-465,NON
OD-467,OBCS-464,NON
OD-466,OBCS-463,NON
OD-465,OBCS-462,NON
OD-464,OBCS-461,NON
OD-463,OBCS-460,NON
OD-462,OBCS-459,NON
OD-461,OBCS-458,NON
OD-460,OBCS-457,NON
OD-459,OBCS-456,NON
OD-458,OBCS-455,NON
OD-457,OBCS-454,NON
OD-456,OBCS-453,NON
OD-455,OBCS-452,NON
OD-454,OBCS-451,NON
OD-453,OBCS-450,NON
OD-452,OBCS-449,NON
OD-451,OBCS-448,NON
OD-450,OBCS-447,NON
OD-449,OBCS-386,NON
OD-448,OBCS-436,NON
OD-445,OBCS-384,NON
OD-444,OBCS-383,NON
OD-443,OBCS-382,NON
OD-442,OBCS-381,NON